-- Created by iElden

-- PANTHEON --

-- Earth Godess +1 faith on appeal
UPDATE Modifiers SET SubjectRequirementSetId='PLOT_CHARMING_APPEAL' WHERE ModifierId='EARTH_GODDESS_APPEAL_FAITH_MODIFIER';

-- Dance of aurora only on flat tile
UPDATE ModifierArguments SET Value='0' WHERE ModifierId='DANCE_OF_THE_AURORA_FAITHTUNDRAHILLSADJACENCY' AND Name='Amount';

-- Divine spark +1 engineer:
INSERT INTO Modifiers(ModifierId, ModifierType, SubjectRequirementSetId) VALUES
    ('BBG_DIVINE_SPARK_ENGINEER', 'MODIFIER_ALL_CITIES_ATTACH_MODIFIER', 'CITY_FOLLOWS_PANTHEON_REQUIREMENTS'),
    ('BBG_DIVINE_SPARK_ENGINEER_MODIFIER', 'MODIFIER_SINGLE_CITY_ADJUST_GREAT_PERSON_POINT', 'BUILDING_IS_WORKSHOP');
INSERT INTO ModifierArguments(ModifierId, Name, Value) VALUES
    ('BBG_DIVINE_SPARK_ENGINEER', 'ModifierId', 'BBG_DIVINE_SPARK_ENGINEER_MODIFIER'),
    ('BBG_DIVINE_SPARK_ENGINEER_MODIFIER', 'GreatPersonClassType', 'GREAT_PERSON_CLASS_ENGINEER'),
    ('BBG_DIVINE_SPARK_ENGINEER_MODIFIER', 'Amount', '1');
INSERT INTO BeliefModifiers(BeliefType, ModifierID) VALUES
    ('BELIEF_DIVINE_SPARK', 'BBG_DIVINE_SPARK_ENGINEER');

-- Religious settlement: +25% production towards settler and 3 free tiles
INSERT INTO Modifiers(ModifierId, ModifierType, SubjectRequirementSetId) VALUES
    ('BBG_RELIGIOUS_SETTLEMENT_SETTLER_PROD', 'MODIFIER_ALL_CITIES_ATTACH_MODIFIER', 'CITY_FOLLOWS_PANTHEON_REQUIREMENTS'),
    ('BBG_RELIGIOUS_SETTLEMENT_SETTLER_PROD_MODIFIER', 'MODIFIER_PLAYER_CITIES_ADJUST_UNIT_PRODUCTION_MODIFIER', NULL),
    ('BBG_RELIGIOUS_SETTLEMENT_TILE_GRAB', 'MODIFIER_ALL_PLAYERS_ATTACH_MODIFIER', 'PLAYER_HAS_PANTHEON_REQUIREMENTS'),
    ('BBG_RELIGIOUS_SETTLEMENT_TILE_GRAB_MODIFIER', 'MODIFIER_PLAYER_ADJUST_CITY_TILES', NULL);
INSERT INTO ModifierArguments(ModifierId, Name, Value) VALUES
    ('BBG_RELIGIOUS_SETTLEMENT_SETTLER_PROD', 'ModifierId', 'BBG_RELIGIOUS_SETTLEMENT_SETTLER_PROD_MODIFIER'),
    ('BBG_RELIGIOUS_SETTLEMENT_TILE_GRAB', 'ModifierId', 'BBG_RELIGIOUS_SETTLEMENT_TILE_GRAB_MODIFIER'),
    ('BBG_RELIGIOUS_SETTLEMENT_SETTLER_PROD_MODIFIER', 'UnitType', 'UNIT_SETTLER'),
    ('BBG_RELIGIOUS_SETTLEMENT_SETTLER_PROD_MODIFIER', 'Amount', '25'),
    ('BBG_RELIGIOUS_SETTLEMENT_TILE_GRAB_MODIFIER', 'Amount', '3');
INSERT INTO BeliefModifiers(BeliefType, ModifierID) VALUES
    ('BELIEF_RELIGIOUS_SETTLEMENTS', 'BBG_RELIGIOUS_SETTLEMENT_SETTLER_PROD'),
    ('BELIEF_RELIGIOUS_SETTLEMENTS', 'BBG_RELIGIOUS_SETTLEMENT_TILE_GRAB');

-- Initiation Rites gives 25% faith for each military land unit produced
INSERT INTO Modifiers(ModifierId, ModifierType, RunOnce, Permanent, SubjectRequirementSetId) VALUES
    ('INITIATION_RITES_FAITH_YIELD_CPL_MOD', 'MODIFIER_ALL_CITIES_ATTACH_MODIFIER', 0, 0, 'CITY_FOLLOWS_PANTHEON_REQUIREMENTS'),
    ('INITIATION_RITES_FAITH_YIELD_MODIFIER_CPL_MOD', 'MODIFIER_SINGLE_CITY_GRANT_YIELD_PER_UNIT_COST', 0, 0, NULL),
    ('BBG_INITIATION_RITES_FREE_WARRIOR', 'MODIFIER_ALL_PLAYERS_ATTACH_MODIFIER', 0, 0, 'PLAYER_HAS_PANTHEON_REQUIREMENTS'),
    ('BBG_INITIATION_RITES_FREE_WARRIOR_MODIFIER', 'MODIFIER_PLAYER_GRANT_UNIT_IN_CAPITAL', 1, 1, 'PLAYER_HAS_AT_LEAST_ONE_CITY_REQUIREMENTS');
INSERT INTO ModifierArguments(ModifierId, Name, Value) VALUES
    ('INITIATION_RITES_FAITH_YIELD_CPL_MOD' , 'ModifierId', 'INITIATION_RITES_FAITH_YIELD_MODIFIER_CPL_MOD'),
    ('INITIATION_RITES_FAITH_YIELD_MODIFIER_CPL_MOD', 'YieldType', 'YIELD_FAITH'),
    ('INITIATION_RITES_FAITH_YIELD_MODIFIER_CPL_MOD', 'UnitProductionPercent', '40'),
    ('BBG_INITIATION_RITES_FREE_WARRIOR', 'ModifierId', 'BBG_INITIATION_RITES_FREE_WARRIOR_MODIFIER'),
    ('BBG_INITIATION_RITES_FREE_WARRIOR_MODIFIER', 'UnitType', 'UNIT_WARRIOR'),
    ('BBG_INITIATION_RITES_FREE_WARRIOR_MODIFIER', 'Amount', '2'),
    ('BBG_INITIATION_RITES_FREE_WARRIOR_MODIFIER', 'AllowUniqueOverride', '1');
DELETE FROM BeliefModifiers WHERE BeliefType='BELIEF_INITIATION_RITES';
INSERT INTO BeliefModifiers(BeliefType, ModifierID) VALUES
    ('BELIEF_INITIATION_RITES', 'INITIATION_RITES_FAITH_YIELD_CPL_MOD'),
    ('BELIEF_INITIATION_RITES', 'BBG_INITIATION_RITES_FREE_WARRIOR');

-- RELIGIONS BELIEF --
-- DOF nerf
UPDATE ModifierArguments SET Value='3' WHERE ModifierId='DEFENDER_OF_FAITH_COMBAT_BONUS_MODIFIER' AND Name='Amount';
